<?xml version="1.0" encoding="UTF-8"?>
<project-private xmlns="http://www.netbeans.org/ns/project-private/1">
    <editor-bookmarks xmlns="http://www.netbeans.org/ns/editor-bookmarks/2" lastBookmarkId="0"/>
    <open-files xmlns="http://www.netbeans.org/ns/projectui-open-files/2">
        <group>
            <file>file:/C:/Users/Aron/Documents/LOCAL%20WORK/comp603/WWTBAM/src/LifeLine.java</file>
            <file>file:/C:/Users/Aron/Documents/LOCAL%20WORK/comp603/WWTBAM/src/AskTheAudience.java</file>
            <file>file:/C:/Users/Aron/Documents/LOCAL%20WORK/comp603/WWTBAM/src/MenuPanel.java</file>
            <file>file:/C:/Users/Aron/Documents/LOCAL%20WORK/comp603/WWTBAM/src/Game.java</file>
            <file>file:/C:/Users/Aron/Documents/LOCAL%20WORK/comp603/WWTBAM/src/FriendSelect.java</file>
            <file>file:/C:/Users/Aron/Documents/LOCAL%20WORK/comp603/WWTBAM/src/TextUtils.java</file>
            <file>file:/C:/Users/Aron/Documents/LOCAL%20WORK/comp603/WWTBAM/src/UserInput.java</file>
            <file>file:/C:/Users/Aron/Documents/LOCAL%20WORK/comp603/WWTBAM/src/GamePanel.java</file>
            <file>file:/C:/Users/Aron/Documents/LOCAL%20WORK/comp603/WWTBAM/src/User.java</file>
            <file>file:/C:/Users/Aron/Documents/LOCAL%20WORK/comp603/WWTBAM/src/FriendBuilder.java</file>
            <file>file:/C:/Users/Aron/Documents/LOCAL%20WORK/comp603/WWTBAM/src/PhoneAFriend.java</file>
            <file>file:/C:/Users/Aron/Documents/LOCAL%20WORK/comp603/WWTBAM/src/QuestionBuilder.java</file>
            <file>file:/C:/Users/Aron/Documents/LOCAL%20WORK/comp603/WWTBAM/src/Question.java</file>
            <file>file:/C:/Users/Aron/Documents/LOCAL%20WORK/comp603/WWTBAM/src/DBManager.java</file>
            <file>file:/C:/Users/Aron/Documents/LOCAL%20WORK/comp603/WWTBAM/src/WWTBAM.java</file>
            <file>file:/C:/Users/Aron/Documents/LOCAL%20WORK/comp603/WWTBAM/src/FiftyFifty.java</file>
            <file>file:/C:/Users/Aron/Documents/LOCAL%20WORK/comp603/WWTBAM/src/UserScores.java</file>
        </group>
    </open-files>
</project-private>
